-- phpMyAdmin SQL Dump
-- version 5.2.2
-- https://www.phpmyadmin.net/
--
-- Host: localhost
-- Generation Time: Apr 25, 2025 at 02:10 AM
-- Server version: 8.0.41
-- PHP Version: 8.4.5

SET SQL_MODE = "NO_AUTO_VALUE_ON_ZERO";
START TRANSACTION;
SET time_zone = "+00:00";


/*!40101 SET @OLD_CHARACTER_SET_CLIENT=@@CHARACTER_SET_CLIENT */;
/*!40101 SET @OLD_CHARACTER_SET_RESULTS=@@CHARACTER_SET_RESULTS */;
/*!40101 SET @OLD_COLLATION_CONNECTION=@@COLLATION_CONNECTION */;
/*!40101 SET NAMES utf8mb4 */;

--
-- Database: `denr_queuing`
--

-- --------------------------------------------------------

--
-- Table structure for table `cache`
--

CREATE TABLE `cache` (
  `key` varchar(255) COLLATE utf8mb4_unicode_ci NOT NULL,
  `value` mediumtext COLLATE utf8mb4_unicode_ci NOT NULL,
  `expiration` int NOT NULL
) ENGINE=InnoDB DEFAULT CHARSET=utf8mb4 COLLATE=utf8mb4_unicode_ci;

-- --------------------------------------------------------

--
-- Table structure for table `cache_locks`
--

CREATE TABLE `cache_locks` (
  `key` varchar(255) COLLATE utf8mb4_unicode_ci NOT NULL,
  `owner` varchar(255) COLLATE utf8mb4_unicode_ci NOT NULL,
  `expiration` int NOT NULL
) ENGINE=InnoDB DEFAULT CHARSET=utf8mb4 COLLATE=utf8mb4_unicode_ci;

-- --------------------------------------------------------

--
-- Table structure for table `clients`
--

CREATE TABLE `clients` (
  `id` int NOT NULL,
  `full_name` varchar(100) NOT NULL,
  `created_at` timestamp NULL DEFAULT CURRENT_TIMESTAMP
) ENGINE=InnoDB DEFAULT CHARSET=utf8mb4 COLLATE=utf8mb4_0900_ai_ci;

--
-- Dumping data for table `clients`
--

INSERT INTO `clients` (`id`, `full_name`, `created_at`) VALUES
(1, 'John Doe', '2025-04-11 04:57:48'),
(2, 'Jane Smith', '2025-04-11 04:57:48'),
(3, 'Michael Johnson', '2025-04-11 04:57:48'),
(4, 'Emily Davis', '2025-04-11 04:57:48'),
(5, 'Christopher Lee', '2025-04-11 04:57:48'),
(6, 'Sarah Wilson', '2025-04-11 04:57:48'),
(7, 'David Brown', '2025-04-11 04:57:48'),
(8, 'Laura Garcia', '2025-04-11 04:57:48'),
(9, 'James White', '2025-04-11 04:57:48'),
(10, 'Amanda Taylor', '2025-04-11 04:57:48'),
(11, 'Daniel Anderson', '2025-04-11 04:57:48'),
(12, 'Emma Thomas', '2025-04-11 04:57:48'),
(13, 'Benjamin Harris', '2025-04-11 04:57:48'),
(14, 'Charlotte Clark', '2025-04-11 04:57:48'),
(15, 'William Walker', '2025-04-11 04:57:48'),
(16, 'Sophia Lewis', '2025-04-11 04:57:48'),
(17, 'Mason Hall', '2025-04-11 04:57:48'),
(18, 'Olivia Young', '2025-04-11 04:57:48'),
(19, 'James King', '2025-04-11 04:57:48'),
(20, 'Lucas Scott', '2025-04-11 04:57:48'),
(21, 'Isabella Allen', '2025-04-11 04:57:48'),
(22, 'Noah Hernandez', '2025-04-11 04:57:48'),
(23, 'Liam Hill', '2025-04-11 04:57:48'),
(24, 'Mia Adams', '2025-04-11 04:57:48'),
(25, 'Ethan Nelson', '2025-04-11 04:57:48'),
(26, 'Avery Carter', '2025-04-11 04:57:48'),
(27, 'Sebastian Mitchell', '2025-04-11 04:57:48'),
(28, 'Scarlett Perez', '2025-04-11 04:57:48'),
(29, 'Jack Roberts', '2025-04-11 04:57:48'),
(30, 'Hannah Evans', '2025-04-11 04:57:48'),
(31, 'Alexander Green', '2025-04-11 04:57:48'),
(32, 'Amelia Murphy', '2025-04-11 04:57:48'),
(33, 'Jacob Scott', '2025-04-11 04:57:48'),
(34, 'Zoe Martinez', '2025-04-11 04:57:48'),
(35, 'Michael Wilson', '2025-04-11 04:57:48'),
(36, 'Ella Moore', '2025-04-11 04:57:48'),
(37, 'Leo Gonzalez', '2025-04-11 04:57:48'),
(38, 'Aidan King', '2025-04-11 04:57:48'),
(39, 'Grace Carter', '2025-04-11 04:57:48'),
(40, 'Harper Baker', '2025-04-11 04:57:48'),
(41, 'Jackie Perez', '2025-04-11 04:57:48'),
(42, 'Samantha Ross', '2025-04-11 04:57:48'),
(43, 'Sophia Walker', '2025-04-11 04:57:48'),
(44, 'Matthew Jenkins', '2025-04-11 04:57:48'),
(45, 'Charlotte Kim', '2025-04-11 04:57:48'),
(46, 'Ryan Reed', '2025-04-11 04:57:48'),
(47, 'Megan Gray', '2025-04-11 04:57:48'),
(48, 'Henry Collins', '2025-04-11 04:57:48'),
(49, 'Maya Kelly', '2025-04-11 04:57:48'),
(50, 'Nolan Powell', '2025-04-11 04:57:48'),
(51, 'Chloe Bell', '2025-04-11 04:57:48');

-- --------------------------------------------------------

--
-- Table structure for table `failed_jobs`
--

CREATE TABLE `failed_jobs` (
  `id` bigint UNSIGNED NOT NULL,
  `uuid` varchar(255) COLLATE utf8mb4_unicode_ci NOT NULL,
  `connection` text COLLATE utf8mb4_unicode_ci NOT NULL,
  `queue` text COLLATE utf8mb4_unicode_ci NOT NULL,
  `payload` longtext COLLATE utf8mb4_unicode_ci NOT NULL,
  `exception` longtext COLLATE utf8mb4_unicode_ci NOT NULL,
  `failed_at` timestamp NOT NULL DEFAULT CURRENT_TIMESTAMP
) ENGINE=InnoDB DEFAULT CHARSET=utf8mb4 COLLATE=utf8mb4_unicode_ci;

-- --------------------------------------------------------

--
-- Table structure for table `jobs`
--

CREATE TABLE `jobs` (
  `id` bigint UNSIGNED NOT NULL,
  `queue` varchar(255) COLLATE utf8mb4_unicode_ci NOT NULL,
  `payload` longtext COLLATE utf8mb4_unicode_ci NOT NULL,
  `attempts` tinyint UNSIGNED NOT NULL,
  `reserved_at` int UNSIGNED DEFAULT NULL,
  `available_at` int UNSIGNED NOT NULL,
  `created_at` int UNSIGNED NOT NULL
) ENGINE=InnoDB DEFAULT CHARSET=utf8mb4 COLLATE=utf8mb4_unicode_ci;

-- --------------------------------------------------------

--
-- Table structure for table `job_batches`
--

CREATE TABLE `job_batches` (
  `id` varchar(255) COLLATE utf8mb4_unicode_ci NOT NULL,
  `name` varchar(255) COLLATE utf8mb4_unicode_ci NOT NULL,
  `total_jobs` int NOT NULL,
  `pending_jobs` int NOT NULL,
  `failed_jobs` int NOT NULL,
  `failed_job_ids` longtext COLLATE utf8mb4_unicode_ci NOT NULL,
  `options` mediumtext COLLATE utf8mb4_unicode_ci,
  `cancelled_at` int DEFAULT NULL,
  `created_at` int NOT NULL,
  `finished_at` int DEFAULT NULL
) ENGINE=InnoDB DEFAULT CHARSET=utf8mb4 COLLATE=utf8mb4_unicode_ci;

-- --------------------------------------------------------

--
-- Table structure for table `migrations`
--

CREATE TABLE `migrations` (
  `id` int UNSIGNED NOT NULL,
  `migration` varchar(255) COLLATE utf8mb4_unicode_ci NOT NULL,
  `batch` int NOT NULL
) ENGINE=InnoDB DEFAULT CHARSET=utf8mb4 COLLATE=utf8mb4_unicode_ci;

--
-- Dumping data for table `migrations`
--

INSERT INTO `migrations` (`id`, `migration`, `batch`) VALUES
(1, '0001_01_01_000000_create_users_table', 1),
(2, '0001_01_01_000001_create_cache_table', 1),
(3, '0001_01_01_000002_create_jobs_table', 1),
(4, '2025_04_10_025426_create_personal_access_tokens_table', 1);

-- --------------------------------------------------------

--
-- Table structure for table `password_reset_tokens`
--

CREATE TABLE `password_reset_tokens` (
  `email` varchar(255) COLLATE utf8mb4_unicode_ci NOT NULL,
  `token` varchar(255) COLLATE utf8mb4_unicode_ci NOT NULL,
  `created_at` timestamp NULL DEFAULT NULL
) ENGINE=InnoDB DEFAULT CHARSET=utf8mb4 COLLATE=utf8mb4_unicode_ci;

-- --------------------------------------------------------

--
-- Table structure for table `personal_access_tokens`
--

CREATE TABLE `personal_access_tokens` (
  `id` bigint UNSIGNED NOT NULL,
  `tokenable_type` varchar(255) COLLATE utf8mb4_unicode_ci NOT NULL,
  `tokenable_id` bigint UNSIGNED NOT NULL,
  `name` varchar(255) COLLATE utf8mb4_unicode_ci NOT NULL,
  `token` varchar(64) COLLATE utf8mb4_unicode_ci NOT NULL,
  `abilities` text COLLATE utf8mb4_unicode_ci,
  `last_used_at` timestamp NULL DEFAULT NULL,
  `expires_at` timestamp NULL DEFAULT NULL,
  `created_at` timestamp NULL DEFAULT NULL,
  `updated_at` timestamp NULL DEFAULT NULL
) ENGINE=InnoDB DEFAULT CHARSET=utf8mb4 COLLATE=utf8mb4_unicode_ci;

-- --------------------------------------------------------

--
-- Table structure for table `priority_levels`
--

CREATE TABLE `priority_levels` (
  `id` int NOT NULL,
  `level_name` varchar(50) NOT NULL
) ENGINE=InnoDB DEFAULT CHARSET=utf8mb4 COLLATE=utf8mb4_0900_ai_ci;

--
-- Dumping data for table `priority_levels`
--

INSERT INTO `priority_levels` (`id`, `level_name`) VALUES
(3, 'Pregnant'),
(1, 'PWD'),
(4, 'Regular'),
(2, 'Senior');

-- --------------------------------------------------------

--
-- Table structure for table `queues`
--

CREATE TABLE `queues` (
  `id` int NOT NULL,
  `priority_level_id` int NOT NULL,
  `client_id` int NOT NULL,
  `service_id` int NOT NULL,
  `counter_id` int DEFAULT NULL,
  `queue_number` varchar(20) NOT NULL,
  `status` enum('waiting','serving','completed','skipped','recall') CHARACTER SET utf8mb4 COLLATE utf8mb4_0900_ai_ci DEFAULT 'waiting',
  `is_called` int NOT NULL,
  `queued_at` timestamp NULL DEFAULT CURRENT_TIMESTAMP,
  `called_at` timestamp NULL DEFAULT NULL,
  `created_at` datetime NOT NULL DEFAULT CURRENT_TIMESTAMP,
  `updated_at` datetime NOT NULL DEFAULT CURRENT_TIMESTAMP
) ENGINE=InnoDB DEFAULT CHARSET=utf8mb4 COLLATE=utf8mb4_0900_ai_ci;

--
-- Dumping data for table `queues`
--

INSERT INTO `queues` (`id`, `priority_level_id`, `client_id`, `service_id`, `counter_id`, `queue_number`, `status`, `is_called`, `queued_at`, `called_at`, `created_at`, `updated_at`) VALUES
(1, 2, 1, 1, 1, 'A001', 'completed', 0, '2025-04-11 04:57:48', '2025-04-23 23:52:47', '2025-04-11 14:12:26', '2025-04-24 07:52:47'),
(2, 2, 2, 2, 1, 'A002', 'completed', 0, '2025-04-11 04:57:48', '2025-04-23 23:52:54', '2025-04-11 14:12:26', '2025-04-24 07:52:54'),
(3, 1, 3, 3, 1, 'A003', 'completed', 0, '2025-04-11 04:57:48', '2025-04-22 23:03:08', '2025-04-11 10:12:26', '2025-04-23 07:03:08'),
(4, 4, 4, 4, 1, 'A004', 'waiting', 0, '2025-04-11 04:57:48', '2025-04-22 22:38:10', '2025-04-11 14:12:26', '2025-04-23 06:38:10'),
(5, 1, 5, 5, 1, 'A005', 'completed', 0, '2025-04-11 04:57:48', '2025-04-22 23:00:59', '2025-04-11 14:12:26', '2025-04-23 07:00:59'),
(6, 2, 6, 6, 1, 'A006', 'completed', 0, '2025-04-11 04:57:48', '2025-04-23 23:53:02', '2025-04-11 14:12:26', '2025-04-24 07:53:02'),
(7, 3, 7, 7, 1, 'A007', 'completed', 0, '2025-04-10 23:57:48', '2025-04-23 23:53:37', '2025-04-11 14:12:26', '2025-04-24 07:53:37'),
(8, 4, 8, 8, 1, 'A008', 'waiting', 0, '2025-04-11 04:57:48', '2025-04-22 22:38:18', '2025-04-11 14:12:26', '2025-04-23 06:38:18'),
(9, 2, 9, 1, 1, 'A009', 'completed', 0, '2025-04-11 04:57:48', '2025-04-23 23:53:24', '2025-04-11 14:12:26', '2025-04-24 07:53:24'),
(10, 2, 10, 2, 1, 'A010', 'completed', 0, '2025-04-11 04:57:48', '2025-04-23 23:53:30', '2025-04-11 14:12:26', '2025-04-24 07:53:30'),
(11, 4, 11, 3, 1, 'A011', 'waiting', 0, '2025-04-11 04:59:48', '2025-04-22 21:58:30', '2025-04-11 14:12:26', '2025-04-23 05:58:30'),
(12, 4, 12, 4, 1, 'A012', 'waiting', 0, '2025-04-11 04:57:48', '2025-04-22 22:38:25', '2025-04-11 14:12:26', '2025-04-23 06:38:25'),
(13, 1, 13, 5, 1, 'A013', 'completed', 0, '2025-04-11 04:57:48', '2025-04-22 23:01:09', '2025-04-11 14:12:26', '2025-04-23 07:01:09'),
(14, 2, 14, 6, 1, 'A014', 'completed', 0, '2025-04-11 04:57:48', '2025-04-23 23:52:10', '2025-04-11 14:12:26', '2025-04-24 07:52:10'),
(15, 3, 15, 7, 1, 'A015', 'completed', 0, '2025-04-11 04:57:48', '2025-04-23 23:53:44', '2025-04-11 14:12:26', '2025-04-24 07:53:44'),
(16, 4, 16, 8, 1, 'A016', 'waiting', 0, '2025-04-11 04:57:48', NULL, '2025-04-11 14:12:26', '2025-04-23 04:57:19'),
(17, 2, 17, 1, 3, 'A017', 'completed', 0, '2025-04-11 04:57:48', '2025-04-22 23:15:01', '2025-04-11 14:12:26', '2025-04-23 07:15:01'),
(18, 2, 18, 2, 1, 'A018', 'completed', 0, '2025-04-11 04:27:48', '2025-04-22 23:13:52', '2025-04-11 14:12:26', '2025-04-23 07:13:52'),
(19, 3, 19, 3, 1, 'A019', 'serving', 1, '2025-04-11 04:57:48', '2025-04-24 18:09:59', '2025-04-11 14:12:26', '2025-04-25 02:09:59'),
(20, 4, 20, 4, 1, 'A020', 'waiting', 0, '2025-04-11 04:57:48', '2025-04-22 22:38:34', '2025-04-11 14:12:26', '2025-04-23 06:38:34'),
(21, 1, 21, 5, 1, 'A021', 'completed', 0, '2025-04-11 04:57:48', '2025-04-22 23:01:23', '2025-04-11 14:12:26', '2025-04-23 07:01:23'),
(22, 2, 22, 6, 1, 'A022', 'completed', 0, '2025-04-11 04:57:48', '2025-04-23 23:46:17', '2025-04-11 14:12:26', '2025-04-24 07:46:17'),
(23, 4, 23, 7, 1, 'A023', 'waiting', 0, '2025-04-11 04:57:48', '2025-04-22 22:38:44', '2025-04-11 14:12:26', '2025-04-23 06:38:44'),
(24, 4, 24, 8, 1, 'A024', 'waiting', 0, '2025-04-11 04:57:48', '2025-04-22 22:38:58', '2025-04-11 14:12:26', '2025-04-23 06:38:58'),
(25, 3, 25, 1, 1, 'A025', 'waiting', 0, '2025-04-11 04:57:48', '2025-04-22 22:30:57', '2025-04-11 14:12:26', '2025-04-23 06:30:57'),
(26, 2, 26, 2, 3, 'A026', 'completed', 0, '2025-04-11 04:57:48', '2025-04-22 23:06:23', '2025-04-11 14:12:26', '2025-04-23 07:06:23'),
(27, 3, 27, 3, 1, 'A027', 'waiting', 0, '2025-04-11 04:57:48', '2025-04-22 22:31:42', '2025-04-11 14:12:26', '2025-04-23 06:31:42'),
(28, 4, 28, 4, 1, 'A028', 'waiting', 0, '2025-04-11 04:57:48', '2025-04-22 22:42:00', '2025-04-11 14:12:26', '2025-04-23 06:42:00'),
(29, 1, 29, 5, 1, 'A029', 'completed', 0, '2025-04-11 04:57:48', '2025-04-22 23:02:47', '2025-04-11 14:12:26', '2025-04-23 07:02:47'),
(30, 2, 30, 6, 1, 'A030', 'completed', 0, '2025-04-11 04:57:48', '2025-04-23 23:46:10', '2025-04-11 14:12:26', '2025-04-24 07:46:10'),
(31, 3, 31, 7, 1, 'A031', 'waiting', 0, '2025-04-11 04:57:48', '2025-04-22 22:03:38', '2025-04-11 14:12:26', '2025-04-23 06:03:38'),
(32, 4, 32, 8, 1, 'A032', 'waiting', 0, '2025-04-11 04:57:48', '2025-04-22 22:42:09', '2025-04-11 14:12:26', '2025-04-23 06:42:09'),
(33, 2, 33, 1, 1, 'A033', 'completed', 0, '2025-04-11 04:57:48', '2025-04-23 23:46:03', '2025-04-11 14:12:26', '2025-04-24 07:46:03'),
(34, 2, 34, 2, 1, 'A034', 'completed', 0, '2025-04-11 04:57:48', '2025-04-23 23:35:15', '2025-04-11 14:12:26', '2025-04-24 07:35:15'),
(35, 1, 35, 3, 1, 'A035', 'completed', 0, '2025-04-11 04:57:48', '2025-04-22 23:02:58', '2025-04-11 14:12:26', '2025-04-23 07:02:58'),
(36, 4, 36, 4, 1, 'A036', 'waiting', 0, '2025-04-11 04:57:48', '2025-04-22 22:42:52', '2025-04-11 14:12:26', '2025-04-23 06:42:52'),
(37, 1, 37, 5, 1, 'A037', 'completed', 0, '2025-04-11 04:57:48', '2025-04-22 23:08:59', '2025-04-11 14:12:26', '2025-04-23 07:08:59'),
(38, 2, 38, 6, 1, 'A038', 'completed', 0, '2025-04-11 04:57:48', '2025-04-23 23:35:08', '2025-04-11 14:12:26', '2025-04-24 07:35:08'),
(39, 3, 39, 7, 1, 'A039', 'waiting', 0, '2025-04-11 04:57:48', '2025-04-22 22:32:46', '2025-04-11 14:12:26', '2025-04-23 06:32:46'),
(40, 4, 40, 8, 1, 'A040', 'waiting', 0, '2025-04-11 04:57:48', '2025-04-22 22:43:52', '2025-04-11 14:12:26', '2025-04-23 06:43:52'),
(41, 2, 41, 1, 1, 'A041', 'completed', 0, '2025-04-11 04:57:48', '2025-04-23 23:34:57', '2025-04-11 14:12:26', '2025-04-24 07:34:57'),
(42, 2, 42, 2, 3, 'A042', 'completed', 0, '2025-04-11 04:57:48', '2025-04-22 23:07:05', '2025-04-11 14:12:26', '2025-04-23 07:07:05'),
(43, 3, 43, 3, 1, 'A043', 'waiting', 0, '2025-04-11 04:57:48', '2025-04-22 22:36:12', '2025-04-11 14:12:26', '2025-04-23 06:36:12'),
(44, 4, 44, 4, 1, 'A044', 'waiting', 0, '2025-04-11 04:57:48', '2025-04-22 22:46:51', '2025-04-11 14:12:26', '2025-04-23 06:46:51'),
(45, 3, 45, 5, 1, 'A045', 'waiting', 0, '2025-04-11 04:57:48', '2025-04-22 22:05:17', '2025-04-11 14:12:26', '2025-04-23 06:05:17'),
(46, 4, 46, 6, 1, 'A046', 'waiting', 0, '2025-04-11 04:57:48', '2025-04-22 22:48:34', '2025-04-11 14:12:26', '2025-04-23 06:48:34'),
(47, 3, 47, 7, 1, 'A047', 'waiting', 0, '2025-04-11 04:57:48', '2025-04-22 22:36:16', '2025-04-11 14:12:26', '2025-04-23 06:36:16'),
(48, 4, 48, 8, 1, 'A048', 'waiting', 0, '2025-04-11 04:57:48', '2025-04-22 22:49:55', '2025-04-11 14:12:26', '2025-04-23 06:49:55'),
(49, 1, 49, 1, 1, 'A049', 'completed', 0, '2025-04-11 04:57:48', '2025-04-22 23:07:13', '2025-04-11 14:12:26', '2025-04-23 07:07:13'),
(50, 3, 50, 2, 1, 'A050', 'waiting', 0, '2025-04-11 04:57:48', '2025-04-22 22:36:31', '2025-04-11 14:12:26', '2025-04-23 06:36:31'),
(51, 4, 1, 1, 1, 'L001', 'waiting', 0, '2025-04-23 18:00:07', NULL, '2025-04-24 02:00:07', '2025-04-24 02:00:07'),
(52, 1, 1, 1, 2, 'P001', 'completed', 0, '2025-04-23 18:00:27', '2025-04-23 18:02:52', '2025-04-24 02:00:27', '2025-04-24 02:02:52'),
(53, 4, 1, 1, 3, 'L001', 'waiting', 0, '2025-04-23 18:00:36', '2025-04-23 18:05:01', '2025-04-24 02:00:36', '2025-04-24 02:05:01'),
(54, 1, 1, 1, 2, 'P002', 'completed', 0, '2025-04-23 18:01:58', '2025-04-23 18:05:04', '2025-04-24 02:01:58', '2025-04-24 02:05:04'),
(55, 1, 1, 1, 2, 'P0003', 'completed', 0, '2025-04-24 16:34:13', '2025-04-24 16:34:57', '2025-04-25 00:34:13', '2025-04-25 00:34:57'),
(56, 1, 1, 1, 2, 'P0004', 'completed', 0, '2025-04-24 16:34:18', '2025-04-24 16:35:04', '2025-04-25 00:34:18', '2025-04-25 00:35:04'),
(57, 1, 1, 1, 2, 'P0005', 'completed', 0, '2025-04-24 16:34:21', '2025-04-24 17:24:49', '2025-04-25 00:34:21', '2025-04-25 01:24:49'),
(58, 1, 1, 1, 2, 'P0006', 'completed', 0, '2025-04-24 16:34:25', '2025-04-24 17:24:21', '2025-04-25 00:34:25', '2025-04-25 01:24:21'),
(59, 1, 1, 1, 2, 'P0007', 'waiting', 0, '2025-04-24 16:34:28', '2025-04-24 17:24:55', '2025-04-25 00:34:28', '2025-04-25 01:24:55');

-- --------------------------------------------------------

--
-- Table structure for table `queue_logs`
--

CREATE TABLE `queue_logs` (
  `id` int NOT NULL,
  `queue_id` int NOT NULL,
  `served_by` varchar(100) DEFAULT NULL,
  `served_at` timestamp NULL DEFAULT CURRENT_TIMESTAMP,
  `remarks` text,
  `created_at` datetime NOT NULL DEFAULT CURRENT_TIMESTAMP,
  `updated_at` datetime NOT NULL DEFAULT CURRENT_TIMESTAMP
) ENGINE=InnoDB DEFAULT CHARSET=utf8mb4 COLLATE=utf8mb4_0900_ai_ci;

--
-- Dumping data for table `queue_logs`
--

INSERT INTO `queue_logs` (`id`, `queue_id`, `served_by`, `served_at`, `remarks`, `created_at`, `updated_at`) VALUES
(1, 1, 'Dr. Smith', '2025-04-11 00:30:00', 'Completed initial checkup', '2025-04-11 14:12:55', '2025-04-11 14:11:33'),
(2, 2, 'Dr. Lee', '2025-04-11 00:35:00', 'Started treatment for flu', '2025-04-11 14:12:55', '2025-04-11 14:11:33'),
(3, 3, 'Dr. Taylor', '2025-04-11 00:40:00', 'Completed initial assessment', '2025-04-11 14:12:55', '2025-04-11 14:11:33'),
(4, 4, 'Dr. Brown', '2025-04-11 00:45:00', 'Surgical procedure completed', '2025-04-11 14:12:55', '2025-04-11 14:11:33'),
(5, 5, 'Dr. White', '2025-04-11 00:50:00', 'Started physical therapy', '2025-04-11 14:12:55', '2025-04-11 14:11:33'),
(6, 6, 'Dr. Davis', '2025-04-11 00:55:00', 'Started vaccination', '2025-04-11 14:12:55', '2025-04-11 14:11:33'),
(7, 7, 'Dr. Wilson', '2025-04-11 01:00:00', 'Completed check-up', '2025-04-11 14:12:55', '2025-04-11 14:11:33'),
(8, 8, 'Dr. Harris', '2025-04-11 01:05:00', 'Emergency care completed', '2025-04-11 14:12:55', '2025-04-11 14:11:33'),
(9, 9, 'Dr. Lee', '2025-04-11 01:10:00', 'Started treatment', '2025-04-11 14:12:55', '2025-04-11 14:11:33'),
(10, 10, 'Dr. Green', '2025-04-11 01:15:00', 'Check-up completed', '2025-04-11 14:12:55', '2025-04-11 14:11:33'),
(11, 11, 'Dr. Clark', '2025-04-11 01:20:00', 'Routine treatment completed', '2025-04-11 14:12:55', '2025-04-11 14:11:33'),
(12, 12, 'Dr. Adams', '2025-04-11 01:25:00', 'Vaccination completed', '2025-04-11 14:12:55', '2025-04-11 14:11:33'),
(13, 13, 'Dr. Scott', '2025-04-11 01:30:00', 'Consultation completed', '2025-04-11 14:12:55', '2025-04-11 14:11:33'),
(14, 14, 'Dr. Carter', '2025-04-11 01:35:00', 'Completed treatment', '2025-04-11 14:12:55', '2025-04-11 14:11:33'),
(15, 15, 'Dr. Walker', '2025-04-11 01:40:00', 'Physical therapy started', '2025-04-11 14:12:55', '2025-04-11 14:11:33'),
(16, 16, 'Dr. Reed', '2025-04-11 01:45:00', 'Surgical procedure completed', '2025-04-11 14:12:55', '2025-04-11 14:11:33'),
(17, 21, 'Counter 5', '2025-04-10 22:12:57', NULL, '2025-04-11 06:12:57', '2025-04-11 06:12:57'),
(18, 5, 'Counter 5', '2025-04-10 22:13:03', NULL, '2025-04-11 06:13:03', '2025-04-11 06:13:03'),
(19, 29, 'Counter 5', '2025-04-10 23:03:14', NULL, '2025-04-11 07:03:14', '2025-04-11 07:03:14'),
(20, 41, 'Counter 1', '2025-04-10 23:30:56', NULL, '2025-04-11 07:30:56', '2025-04-11 07:30:56'),
(21, 33, 'Counter 1', '2025-04-10 23:31:01', NULL, '2025-04-11 07:31:01', '2025-04-11 07:31:01'),
(22, 37, 'Counter 5', '2025-04-10 23:31:04', NULL, '2025-04-11 07:31:04', '2025-04-11 07:31:04'),
(23, 3, 'Counter 3', '2025-04-13 23:27:36', NULL, '2025-04-14 07:27:36', '2025-04-14 07:27:36'),
(24, 49, 'Counter 2', '2025-04-13 23:27:49', NULL, '2025-04-14 07:27:49', '2025-04-14 07:27:49'),
(25, 42, 'Counter 2', '2025-04-14 00:04:47', NULL, '2025-04-14 08:04:47', '2025-04-14 08:04:47'),
(26, 38, 'Counter 6', '2025-04-14 15:37:37', NULL, '2025-04-14 23:37:37', '2025-04-14 23:37:37'),
(27, 1, 'Counter 1', '2025-04-14 15:37:39', NULL, '2025-04-14 23:37:39', '2025-04-14 23:37:39'),
(28, 2, 'Counter 2', '2025-04-14 15:54:15', NULL, '2025-04-14 23:54:15', '2025-04-14 23:54:15'),
(29, 34, 'Counter 2', '2025-04-14 15:54:18', NULL, '2025-04-14 23:54:18', '2025-04-14 23:54:18'),
(30, 30, 'Counter 6', '2025-04-14 15:54:19', NULL, '2025-04-14 23:54:19', '2025-04-14 23:54:19'),
(31, 35, 'Counter 3', '2025-04-14 16:11:39', NULL, '2025-04-15 00:11:39', '2025-04-15 00:11:39'),
(32, 26, 'Counter 2', '2025-04-14 17:49:14', NULL, '2025-04-15 01:49:14', '2025-04-15 01:49:14'),
(33, 6, 'Counter 6', '2025-04-14 17:49:29', NULL, '2025-04-15 01:49:29', '2025-04-15 01:49:29'),
(34, 9, 'Counter 1', '2025-04-22 16:42:02', NULL, '2025-04-23 00:42:02', '2025-04-23 00:42:02'),
(35, 25, 'Counter 1', '2025-04-22 17:54:37', NULL, '2025-04-23 01:54:37', '2025-04-23 01:54:37'),
(36, 17, 'Counter 1', '2025-04-22 17:56:48', NULL, '2025-04-23 01:56:48', '2025-04-23 01:56:48'),
(37, 33, 'Counter 1', '2025-04-22 17:56:58', NULL, '2025-04-23 01:56:58', '2025-04-23 01:56:58'),
(38, 17, 'Counter 1', '2025-04-22 17:57:59', NULL, '2025-04-23 01:57:59', '2025-04-23 01:57:59'),
(39, 33, 'Counter 1', '2025-04-22 18:00:08', NULL, '2025-04-23 02:00:08', '2025-04-23 02:00:08'),
(40, 41, 'Counter 1', '2025-04-22 18:02:36', NULL, '2025-04-23 02:02:36', '2025-04-23 02:02:36'),
(41, 1, 'Counter 1', '2025-04-22 18:02:51', NULL, '2025-04-23 02:02:51', '2025-04-23 02:02:51'),
(42, 9, 'Counter 1', '2025-04-22 18:02:57', NULL, '2025-04-23 02:02:57', '2025-04-23 02:02:57'),
(43, 25, 'Counter 1', '2025-04-22 18:03:05', NULL, '2025-04-23 02:03:05', '2025-04-23 02:03:05'),
(44, 17, 'Counter 1', '2025-04-22 18:04:29', NULL, '2025-04-23 02:04:29', '2025-04-23 02:04:29'),
(45, 33, 'Counter 1', '2025-04-22 18:04:50', NULL, '2025-04-23 02:04:50', '2025-04-23 02:04:50'),
(46, 41, 'Counter 1', '2025-04-22 18:04:54', NULL, '2025-04-23 02:04:54', '2025-04-23 02:04:54'),
(47, 1, 'Counter 1', '2025-04-22 18:05:01', NULL, '2025-04-23 02:05:01', '2025-04-23 02:05:01'),
(48, 17, 'Counter 1', '2025-04-22 18:06:14', NULL, '2025-04-23 02:06:14', '2025-04-23 02:06:14'),
(49, 33, 'Counter 1', '2025-04-22 18:06:18', NULL, '2025-04-23 02:06:18', '2025-04-23 02:06:18'),
(50, 41, 'Counter 1', '2025-04-22 18:06:28', NULL, '2025-04-23 02:06:28', '2025-04-23 02:06:28'),
(51, 17, 'Counter 1', '2025-04-22 18:08:03', NULL, '2025-04-23 02:08:03', '2025-04-23 02:08:03'),
(52, 33, 'Counter 1', '2025-04-22 18:08:07', NULL, '2025-04-23 02:08:07', '2025-04-23 02:08:07'),
(53, 41, 'Counter 1', '2025-04-22 18:08:56', NULL, '2025-04-23 02:08:56', '2025-04-23 02:08:56'),
(54, 1, 'Counter 1', '2025-04-22 18:09:02', NULL, '2025-04-23 02:09:02', '2025-04-23 02:09:02'),
(55, 9, 'Counter 1', '2025-04-22 18:09:05', NULL, '2025-04-23 02:09:05', '2025-04-23 02:09:05'),
(56, 25, 'Counter 1', '2025-04-22 18:10:39', NULL, '2025-04-23 02:10:39', '2025-04-23 02:10:39'),
(57, 1, 'Counter 1', '2025-04-22 18:19:55', NULL, '2025-04-23 02:19:55', '2025-04-23 02:19:55'),
(58, 9, 'Counter 1', '2025-04-22 18:34:58', NULL, '2025-04-23 02:34:58', '2025-04-23 02:34:58'),
(59, 1, 'Counter 1', '2025-04-22 18:35:20', NULL, '2025-04-23 02:35:20', '2025-04-23 02:35:20'),
(60, 17, 'Counter 1', '2025-04-22 18:35:23', NULL, '2025-04-23 02:35:23', '2025-04-23 02:35:23'),
(61, 33, 'Counter 1', '2025-04-22 18:38:46', NULL, '2025-04-23 02:38:46', '2025-04-23 02:38:46'),
(62, 41, 'Counter 1', '2025-04-22 18:39:20', NULL, '2025-04-23 02:39:20', '2025-04-23 02:39:20'),
(63, 7, 'Counter 1', '2025-04-22 18:40:45', NULL, '2025-04-23 02:40:45', '2025-04-23 02:40:45'),
(64, 25, 'Counter 1', '2025-04-22 18:41:57', NULL, '2025-04-23 02:41:57', '2025-04-23 02:41:57'),
(65, 1, 'Counter 1', '2025-04-22 18:55:54', NULL, '2025-04-23 02:55:54', '2025-04-23 02:55:54'),
(66, 9, 'Counter 1', '2025-04-22 18:56:20', NULL, '2025-04-23 02:56:20', '2025-04-23 02:56:20'),
(67, 1, 'Counter 1', '2025-04-22 18:59:58', NULL, '2025-04-23 02:59:58', '2025-04-23 02:59:58'),
(68, 9, 'Counter 1', '2025-04-22 19:09:55', NULL, '2025-04-23 03:09:55', '2025-04-23 03:09:55'),
(69, 1, 'Counter 1', '2025-04-22 19:12:00', NULL, '2025-04-23 03:12:00', '2025-04-23 03:12:00'),
(70, 9, 'Counter 1', '2025-04-22 19:12:59', NULL, '2025-04-23 03:12:59', '2025-04-23 03:12:59'),
(71, 1, 'Counter 1', '2025-04-22 19:20:02', NULL, '2025-04-23 03:20:02', '2025-04-23 03:20:02'),
(72, 1, 'Counter 1', '2025-04-22 19:21:14', NULL, '2025-04-23 03:21:14', '2025-04-23 03:21:14'),
(73, 1, 'Counter 1', '2025-04-22 19:21:20', NULL, '2025-04-23 03:21:20', '2025-04-23 03:21:20'),
(74, 1, 'Counter 1', '2025-04-22 19:21:29', NULL, '2025-04-23 03:21:29', '2025-04-23 03:21:29'),
(75, 1, 'Counter 1', '2025-04-22 19:22:14', NULL, '2025-04-23 03:22:14', '2025-04-23 03:22:14'),
(76, 9, 'Counter 1', '2025-04-22 19:22:16', NULL, '2025-04-23 03:22:16', '2025-04-23 03:22:16'),
(77, 1, 'Counter 1', '2025-04-22 19:22:56', NULL, '2025-04-23 03:22:56', '2025-04-23 03:22:56'),
(78, 9, 'Counter 1', '2025-04-22 19:54:07', NULL, '2025-04-23 03:54:07', '2025-04-23 03:54:07'),
(79, 17, 'Counter 1', '2025-04-22 19:54:56', NULL, '2025-04-23 03:54:56', '2025-04-23 03:54:56'),
(80, 17, 'Counter 1', '2025-04-22 19:56:33', NULL, '2025-04-23 03:56:33', '2025-04-23 03:56:33'),
(81, 33, 'Counter 1', '2025-04-22 19:56:39', NULL, '2025-04-23 03:56:39', '2025-04-23 03:56:39'),
(82, 41, 'Counter 1', '2025-04-22 19:56:46', NULL, '2025-04-23 03:56:46', '2025-04-23 03:56:46'),
(83, 7, 'Counter 1', '2025-04-22 19:56:49', NULL, '2025-04-23 03:56:49', '2025-04-23 03:56:49'),
(84, 25, 'Counter 1', '2025-04-22 19:57:44', NULL, '2025-04-23 03:57:44', '2025-04-23 03:57:44'),
(85, 5, 'Counter 1', '2025-04-22 20:50:03', NULL, '2025-04-23 04:50:03', '2025-04-23 04:50:03'),
(86, 15, 'Counter 3', '2025-04-22 20:54:09', NULL, '2025-04-23 04:54:09', '2025-04-23 04:54:09'),
(87, 16, 'Counter 3', '2025-04-22 20:57:20', NULL, '2025-04-23 04:57:20', '2025-04-23 04:57:20'),
(88, 5, 'Counter 1', '2025-04-22 20:58:54', NULL, '2025-04-23 04:58:54', '2025-04-23 04:58:54'),
(89, 13, 'Counter 1', '2025-04-22 20:59:00', NULL, '2025-04-23 04:59:00', '2025-04-23 04:59:00'),
(90, 21, 'Counter 1', '2025-04-22 20:59:05', NULL, '2025-04-23 04:59:05', '2025-04-23 04:59:05'),
(91, 21, 'Counter 1', '2025-04-22 20:59:08', NULL, '2025-04-23 04:59:08', '2025-04-23 04:59:08'),
(92, 21, 'Counter 1', '2025-04-22 20:59:12', NULL, '2025-04-23 04:59:12', '2025-04-23 04:59:12'),
(93, 21, 'Counter 1', '2025-04-22 20:59:13', NULL, '2025-04-23 04:59:13', '2025-04-23 04:59:13'),
(94, 21, 'Counter 1', '2025-04-22 20:59:14', NULL, '2025-04-23 04:59:14', '2025-04-23 04:59:14'),
(95, 21, 'Counter 1', '2025-04-22 20:59:15', NULL, '2025-04-23 04:59:15', '2025-04-23 04:59:15'),
(96, 29, 'Counter 1', '2025-04-22 20:59:20', NULL, '2025-04-23 04:59:20', '2025-04-23 04:59:20'),
(97, 35, 'Counter 1', '2025-04-22 21:04:29', NULL, '2025-04-23 05:04:29', '2025-04-23 05:04:29'),
(98, 2, 'Counter 3', '2025-04-22 21:05:56', NULL, '2025-04-23 05:05:56', '2025-04-23 05:05:56'),
(99, 37, 'Counter 1', '2025-04-22 21:06:10', NULL, '2025-04-23 05:06:10', '2025-04-23 05:06:10'),
(100, 49, 'Counter 1', '2025-04-22 21:12:32', NULL, '2025-04-23 05:12:32', '2025-04-23 05:12:32'),
(101, 18, 'Counter 1', '2025-04-22 21:31:28', NULL, '2025-04-23 05:31:28', '2025-04-23 05:31:28'),
(102, 42, 'Counter 1', '2025-04-22 21:32:56', NULL, '2025-04-23 05:32:56', '2025-04-23 05:32:56'),
(103, 41, 'Counter 1', '2025-04-22 21:46:26', NULL, '2025-04-23 05:46:26', '2025-04-23 05:46:26'),
(104, 41, 'Counter 1', '2025-04-22 21:48:33', NULL, '2025-04-23 05:48:33', '2025-04-23 05:48:33'),
(105, 38, 'Counter 1', '2025-04-22 21:52:09', NULL, '2025-04-23 05:52:09', '2025-04-23 05:52:09'),
(106, 34, 'Counter 1', '2025-04-22 21:52:56', NULL, '2025-04-23 05:52:56', '2025-04-23 05:52:56'),
(107, 33, 'Counter 1', '2025-04-22 21:53:02', NULL, '2025-04-23 05:53:02', '2025-04-23 05:53:02'),
(108, 22, 'Counter 3', '2025-04-22 21:54:12', NULL, '2025-04-23 05:54:12', '2025-04-23 05:54:12'),
(109, 1, 'Counter 1', '2025-04-22 21:55:06', NULL, '2025-04-23 05:55:06', '2025-04-23 05:55:06'),
(110, 11, 'Counter 3', '2025-04-22 21:55:14', NULL, '2025-04-23 05:55:14', '2025-04-23 05:55:14'),
(111, 6, 'Counter 1', '2025-04-22 21:56:32', NULL, '2025-04-23 05:56:32', '2025-04-23 05:56:32'),
(112, 6, 'Counter 1', '2025-04-22 21:58:27', NULL, '2025-04-23 05:58:27', '2025-04-23 05:58:27'),
(113, 11, 'Counter 3', '2025-04-22 21:58:31', NULL, '2025-04-23 05:58:31', '2025-04-23 05:58:31'),
(114, 6, 'Counter 1', '2025-04-22 22:02:30', NULL, '2025-04-23 06:02:30', '2025-04-23 06:02:30'),
(115, 6, 'Counter 1', '2025-04-22 22:02:37', NULL, '2025-04-23 06:02:37', '2025-04-23 06:02:37'),
(116, 9, 'Counter 1', '2025-04-22 22:02:43', NULL, '2025-04-23 06:02:43', '2025-04-23 06:02:43'),
(117, 10, 'Counter 1', '2025-04-22 22:03:32', NULL, '2025-04-23 06:03:32', '2025-04-23 06:03:32'),
(118, 31, 'Counter 3', '2025-04-22 22:03:38', NULL, '2025-04-23 06:03:38', '2025-04-23 06:03:38'),
(119, 14, 'Counter 1', '2025-04-22 22:05:11', NULL, '2025-04-23 06:05:11', '2025-04-23 06:05:11'),
(120, 45, 'Counter 3', '2025-04-22 22:05:17', NULL, '2025-04-23 06:05:17', '2025-04-23 06:05:17'),
(121, 17, 'Counter 1', '2025-04-22 22:09:14', NULL, '2025-04-23 06:09:14', '2025-04-23 06:09:14'),
(122, 26, 'Counter 1', '2025-04-22 22:09:34', NULL, '2025-04-23 06:09:34', '2025-04-23 06:09:34'),
(123, 30, 'Counter 1', '2025-04-22 22:24:55', NULL, '2025-04-23 06:24:55', '2025-04-23 06:24:55'),
(124, 7, 'Counter 1', '2025-04-22 22:25:03', NULL, '2025-04-23 06:25:03', '2025-04-23 06:25:03'),
(125, 19, 'Counter 1', '2025-04-22 22:29:04', NULL, '2025-04-23 06:29:04', '2025-04-23 06:29:04'),
(126, 25, 'Counter 1', '2025-04-22 22:30:57', NULL, '2025-04-23 06:30:57', '2025-04-23 06:30:57'),
(127, 27, 'Counter 1', '2025-04-22 22:31:42', NULL, '2025-04-23 06:31:42', '2025-04-23 06:31:42'),
(128, 39, 'Counter 1', '2025-04-22 22:32:46', NULL, '2025-04-23 06:32:46', '2025-04-23 06:32:46'),
(129, 43, 'Counter 1', '2025-04-22 22:35:54', NULL, '2025-04-23 06:35:54', '2025-04-23 06:35:54'),
(130, 43, 'Counter 1', '2025-04-22 22:36:12', NULL, '2025-04-23 06:36:12', '2025-04-23 06:36:12'),
(131, 47, 'Counter 1', '2025-04-22 22:36:16', NULL, '2025-04-23 06:36:16', '2025-04-23 06:36:16'),
(132, 50, 'Counter 1', '2025-04-22 22:36:31', NULL, '2025-04-23 06:36:31', '2025-04-23 06:36:31'),
(133, 4, 'Counter 1', '2025-04-22 22:38:10', NULL, '2025-04-23 06:38:10', '2025-04-23 06:38:10'),
(134, 8, 'Counter 1', '2025-04-22 22:38:18', NULL, '2025-04-23 06:38:18', '2025-04-23 06:38:18'),
(135, 12, 'Counter 1', '2025-04-22 22:38:25', NULL, '2025-04-23 06:38:25', '2025-04-23 06:38:25'),
(136, 20, 'Counter 1', '2025-04-22 22:38:34', NULL, '2025-04-23 06:38:34', '2025-04-23 06:38:34'),
(137, 23, 'Counter 1', '2025-04-22 22:38:44', NULL, '2025-04-23 06:38:44', '2025-04-23 06:38:44'),
(138, 24, 'Counter 1', '2025-04-22 22:38:58', NULL, '2025-04-23 06:38:58', '2025-04-23 06:38:58'),
(139, 28, 'Counter 1', '2025-04-22 22:42:00', NULL, '2025-04-23 06:42:00', '2025-04-23 06:42:00'),
(140, 32, 'Counter 1', '2025-04-22 22:42:09', NULL, '2025-04-23 06:42:09', '2025-04-23 06:42:09'),
(141, 36, 'Counter 1', '2025-04-22 22:42:52', NULL, '2025-04-23 06:42:52', '2025-04-23 06:42:52'),
(142, 40, 'Counter 1', '2025-04-22 22:43:52', NULL, '2025-04-23 06:43:52', '2025-04-23 06:43:52'),
(143, 44, 'Counter 1', '2025-04-22 22:46:51', NULL, '2025-04-23 06:46:51', '2025-04-23 06:46:51'),
(144, 46, 'Counter 1', '2025-04-22 22:48:34', NULL, '2025-04-23 06:48:34', '2025-04-23 06:48:34'),
(145, 48, 'Counter 1', '2025-04-22 22:49:55', NULL, '2025-04-23 06:49:55', '2025-04-23 06:49:55'),
(146, 5, 'Counter 1', '2025-04-22 23:00:59', NULL, '2025-04-23 07:00:59', '2025-04-23 07:00:59'),
(147, 13, 'Counter 1', '2025-04-22 23:01:09', NULL, '2025-04-23 07:01:09', '2025-04-23 07:01:09'),
(148, 21, 'Counter 1', '2025-04-22 23:01:23', NULL, '2025-04-23 07:01:23', '2025-04-23 07:01:23'),
(149, 29, 'Counter 1', '2025-04-22 23:02:47', NULL, '2025-04-23 07:02:47', '2025-04-23 07:02:47'),
(150, 35, 'Counter 1', '2025-04-22 23:02:58', NULL, '2025-04-23 07:02:58', '2025-04-23 07:02:58'),
(151, 3, 'Counter 1', '2025-04-22 23:03:08', NULL, '2025-04-23 07:03:08', '2025-04-23 07:03:08'),
(152, 26, 'Counter 3', '2025-04-22 23:06:23', NULL, '2025-04-23 07:06:23', '2025-04-23 07:06:23'),
(153, 42, 'Counter 3', '2025-04-22 23:07:05', NULL, '2025-04-23 07:07:05', '2025-04-23 07:07:05'),
(154, 49, 'Counter 1', '2025-04-22 23:07:13', NULL, '2025-04-23 07:07:13', '2025-04-23 07:07:13'),
(155, 37, 'Counter 1', '2025-04-22 23:08:59', NULL, '2025-04-23 07:08:59', '2025-04-23 07:08:59'),
(156, 18, 'Counter 1', '2025-04-22 23:13:52', NULL, '2025-04-23 07:13:52', '2025-04-23 07:13:52'),
(157, 17, 'Counter 3', '2025-04-22 23:15:01', NULL, '2025-04-23 07:15:01', '2025-04-23 07:15:01'),
(158, 52, 'Counter 2', '2025-04-23 18:02:52', NULL, '2025-04-24 02:02:52', '2025-04-24 02:02:52'),
(159, 53, 'Counter 3', '2025-04-23 18:05:01', NULL, '2025-04-24 02:05:01', '2025-04-24 02:05:01'),
(160, 54, 'Counter 2', '2025-04-23 18:05:04', NULL, '2025-04-24 02:05:04', '2025-04-24 02:05:04'),
(161, 41, 'Counter 1', '2025-04-23 23:34:57', NULL, '2025-04-24 07:34:57', '2025-04-24 07:34:57'),
(162, 38, 'Counter 1', '2025-04-23 23:35:08', NULL, '2025-04-24 07:35:08', '2025-04-24 07:35:08'),
(163, 34, 'Counter 1', '2025-04-23 23:35:15', NULL, '2025-04-24 07:35:15', '2025-04-24 07:35:15'),
(164, 33, 'Counter 1', '2025-04-23 23:35:22', NULL, '2025-04-24 07:35:22', '2025-04-24 07:35:22'),
(165, 33, 'Counter 1', '2025-04-23 23:46:03', NULL, '2025-04-24 07:46:03', '2025-04-24 07:46:03'),
(166, 30, 'Counter 1', '2025-04-23 23:46:10', NULL, '2025-04-24 07:46:10', '2025-04-24 07:46:10'),
(167, 22, 'Counter 1', '2025-04-23 23:46:17', NULL, '2025-04-24 07:46:17', '2025-04-24 07:46:17'),
(168, 14, 'Counter 1', '2025-04-23 23:52:10', NULL, '2025-04-24 07:52:10', '2025-04-24 07:52:10'),
(169, 1, 'Counter 1', '2025-04-23 23:52:47', NULL, '2025-04-24 07:52:47', '2025-04-24 07:52:47'),
(170, 2, 'Counter 1', '2025-04-23 23:52:54', NULL, '2025-04-24 07:52:54', '2025-04-24 07:52:54'),
(171, 6, 'Counter 1', '2025-04-23 23:53:02', NULL, '2025-04-24 07:53:02', '2025-04-24 07:53:02'),
(172, 9, 'Counter 1', '2025-04-23 23:53:24', NULL, '2025-04-24 07:53:24', '2025-04-24 07:53:24'),
(173, 10, 'Counter 1', '2025-04-23 23:53:30', NULL, '2025-04-24 07:53:30', '2025-04-24 07:53:30'),
(174, 7, 'Counter 1', '2025-04-23 23:53:37', NULL, '2025-04-24 07:53:37', '2025-04-24 07:53:37'),
(175, 15, 'Counter 1', '2025-04-23 23:53:44', NULL, '2025-04-24 07:53:44', '2025-04-24 07:53:44'),
(176, 19, 'Counter 1', '2025-04-24 16:33:25', NULL, '2025-04-25 00:33:25', '2025-04-25 00:33:25'),
(177, 55, 'Counter 2', '2025-04-24 16:34:57', NULL, '2025-04-25 00:34:57', '2025-04-25 00:34:57'),
(178, 56, 'Counter 2', '2025-04-24 16:35:04', NULL, '2025-04-25 00:35:04', '2025-04-25 00:35:04'),
(179, 57, 'Counter 2', '2025-04-24 16:35:13', NULL, '2025-04-25 00:35:13', '2025-04-25 00:35:13'),
(180, 58, 'Counter 2', '2025-04-24 17:24:21', NULL, '2025-04-25 01:24:21', '2025-04-25 01:24:21'),
(181, 57, 'Counter 2', '2025-04-24 17:24:49', NULL, '2025-04-25 01:24:49', '2025-04-25 01:24:49'),
(182, 59, 'Counter 2', '2025-04-24 17:24:55', NULL, '2025-04-25 01:24:55', '2025-04-25 01:24:55'),
(183, 19, 'Counter 1', '2025-04-24 17:26:41', NULL, '2025-04-25 01:26:41', '2025-04-25 01:26:41');

-- --------------------------------------------------------

--
-- Table structure for table `services`
--

CREATE TABLE `services` (
  `id` int NOT NULL,
  `name` varchar(100) NOT NULL,
  `description` text
) ENGINE=InnoDB DEFAULT CHARSET=utf8mb4 COLLATE=utf8mb4_0900_ai_ci;

--
-- Dumping data for table `services`
--

INSERT INTO `services` (`id`, `name`, `description`) VALUES
(1, 'Consultation', 'Initial consultation for the client'),
(2, 'Treatment', 'Medical treatment service'),
(3, 'Vaccination', 'Vaccination service'),
(4, 'Check-up', 'Routine medical check-up'),
(5, 'Physical Therapy', 'Physical therapy for rehabilitation'),
(6, 'Emergency Care', 'Emergency medical service'),
(7, 'Surgical Operation', 'Surgical procedure'),
(8, 'Diagnostics', 'Medical diagnostic services');

-- --------------------------------------------------------

--
-- Table structure for table `service_counters`
--

CREATE TABLE `service_counters` (
  `id` int NOT NULL,
  `counter_name` varchar(50) NOT NULL,
  `assigned_service_id` int DEFAULT NULL
) ENGINE=InnoDB DEFAULT CHARSET=utf8mb4 COLLATE=utf8mb4_0900_ai_ci;

--
-- Dumping data for table `service_counters`
--

INSERT INTO `service_counters` (`id`, `counter_name`, `assigned_service_id`) VALUES
(1, 'Counter 1', 1),
(2, 'Counter 2', 2),
(3, 'Counter 3', 3),
(4, 'Counter 4', 4),
(5, 'Counter 5', 5),
(6, 'Counter 6', 6),
(7, 'Counter 7', 7),
(8, 'Counter 8', 8);

-- --------------------------------------------------------

--
-- Table structure for table `sessions`
--

CREATE TABLE `sessions` (
  `id` varchar(255) COLLATE utf8mb4_unicode_ci NOT NULL,
  `user_id` bigint UNSIGNED DEFAULT NULL,
  `ip_address` varchar(45) COLLATE utf8mb4_unicode_ci DEFAULT NULL,
  `user_agent` text COLLATE utf8mb4_unicode_ci,
  `payload` longtext COLLATE utf8mb4_unicode_ci NOT NULL,
  `last_activity` int NOT NULL
) ENGINE=InnoDB DEFAULT CHARSET=utf8mb4 COLLATE=utf8mb4_unicode_ci;

--
-- Dumping data for table `sessions`
--

INSERT INTO `sessions` (`id`, `user_id`, `ip_address`, `user_agent`, `payload`, `last_activity`) VALUES
('1ZAhmPFl2sec0incfsggexGPxFSlWrdjLHtDDtjU', NULL, '127.0.0.1', 'Mozilla/5.0 (Windows NT 10.0; Win64; x64) AppleWebKit/537.36 (KHTML, like Gecko) Chrome/135.0.0.0 Safari/537.36', 'YTozOntzOjY6Il90b2tlbiI7czo0MDoiRWNIY2RDWXd2MTJ4NElESnJRVVhXZ2s4VW1wWHFYZ3FHWGN2VlhjMiI7czo5OiJfcHJldmlvdXMiO2E6MTp7czozOiJ1cmwiO3M6Mzk6Imh0dHBzOi8vdWdydjZlbWx0dy5zaGFyZWR3aXRoZXhwb3NlLmNvbSI7fXM6NjoiX2ZsYXNoIjthOjI6e3M6Mzoib2xkIjthOjA6e31zOjM6Im5ldyI7YTowOnt9fX0=', 1745545933),
('5ekPfoexS9fyj3DWJxvcKPYJOIbpBAbgJAng5WER', 1, '127.0.0.1', 'Mozilla/5.0 (Windows NT 10.0; Win64; x64) AppleWebKit/537.36 (KHTML, like Gecko) Chrome/135.0.0.0 Safari/537.36', 'YTo0OntzOjY6Il90b2tlbiI7czo0MDoiYTRJUGF2ZUVSempJaThTMVZpaXdxbDBUOTFQVmFHcWw3YkFWRjRpSyI7czo2OiJfZmxhc2giO2E6Mjp7czozOiJvbGQiO2E6MDp7fXM6MzoibmV3IjthOjA6e319czo1MDoibG9naW5fd2ViXzU5YmEzNmFkZGMyYjJmOTQwMTU4MGYwMTRjN2Y1OGVhNGUzMDk4OWQiO2k6MTtzOjk6Il9wcmV2aW91cyI7YToxOntzOjM6InVybCI7czozMjoiaHR0cHM6Ly9kZW5yX3F1ZXVpbmdfc3lzdGVtLnRlc3QiO319', 1745545827),
('9RhTk5QCB6c4kQhcXTdusJUIiVWNuCTSH2VMcogt', NULL, '127.0.0.1', 'GuzzleHttp/7', 'YTozOntzOjY6Il90b2tlbiI7czo0MDoiZElSUGNsanFoVTJnY1JJbzRUcjFHcVZwQlg2RnJzTkc2NEtvSjRSUSI7czo5OiJfcHJldmlvdXMiO2E6MTp7czozOiJ1cmwiO3M6Mzk6Imh0dHBzOi8vejByYW1sbHc2aS5zaGFyZWR3aXRoZXhwb3NlLmNvbSI7fXM6NjoiX2ZsYXNoIjthOjI6e3M6Mzoib2xkIjthOjA6e31zOjM6Im5ldyI7YTowOnt9fX0=', 1745545593),
('Din2dhRbvZYFDctQiRlTIn5y6DHM41a8GsQuZPRt', 1, '127.0.0.1', 'Mozilla/5.0 (Windows NT 10.0; Win64; x64) AppleWebKit/537.36 (KHTML, like Gecko) Chrome/135.0.0.0 Safari/537.36', 'YTo0OntzOjY6Il90b2tlbiI7czo0MDoiNkpMV1pGbFVTUXVxZkJhQ2ozQnRvalJHMW9hWEltWDN6MzU0eDFUUiI7czo2OiJfZmxhc2giO2E6Mjp7czozOiJvbGQiO2E6MDp7fXM6MzoibmV3IjthOjA6e319czo1MDoibG9naW5fd2ViXzU5YmEzNmFkZGMyYjJmOTQwMTU4MGYwMTRjN2Y1OGVhNGUzMDk4OWQiO2k6MTtzOjk6Il9wcmV2aW91cyI7YToxOntzOjM6InVybCI7czo0MjoiaHR0cHM6Ly9kZW5yX3F1ZXVpbmdfc3lzdGVtLnRlc3QvZGFzaGJvYXJkIjt9fQ==', 1745545516),
('E5Lj4WluC5OOYXncYGYTxgi4NjMftzGH1PfUaH8i', NULL, '127.0.0.1', 'Mozilla/5.0 (Windows NT 10.0; Win64; x64) AppleWebKit/537.36 (KHTML, like Gecko) Chrome/135.0.0.0 Safari/537.36', 'YToyOntzOjY6Il90b2tlbiI7czo0MDoiS2dqclllNEtYT1RlTDdxSkdsWk9oUFI5RWhhUTZQaGttR2xMMFNmNCI7czo2OiJfZmxhc2giO2E6Mjp7czozOiJvbGQiO2E6MDp7fXM6MzoibmV3IjthOjA6e319fQ==', 1745544888),
('j4YcFcVBp7SA10GwM8mRCWdBWS16P0pVZ0PH72G7', NULL, '127.0.0.1', 'Mozilla/5.0 (Windows NT 10.0; Win64; x64) AppleWebKit/537.36 (KHTML, like Gecko) Chrome/135.0.0.0 Safari/537.36', 'YTozOntzOjY6Il90b2tlbiI7czo0MDoiQU9kMWFOTFRLUXRlWGN0SVh1b3EyQkRwQWMxeGZvVVJSTk5tV0x3SSI7czo5OiJfcHJldmlvdXMiO2E6MTp7czozOiJ1cmwiO3M6MzE6Imh0dHA6Ly9kZW5yX3F1ZXVpbmdfc3lzdGVtLnRlc3QiO31zOjY6Il9mbGFzaCI7YToyOntzOjM6Im9sZCI7YTowOnt9czozOiJuZXciO2E6MDp7fX19', 1745544879),
('jvGRaJ54Ugg5hkoTyzeG4KNlncmNiRry1GTCuZnu', NULL, '127.0.0.1', 'GuzzleHttp/7', 'YTozOntzOjY6Il90b2tlbiI7czo0MDoic0czY2drTFNUa2pKZzQzVmg1TG9LWnJDdUlJSmQ2SFJsY3pwcWl3TyI7czo5OiJfcHJldmlvdXMiO2E6MTp7czozOiJ1cmwiO3M6Mzk6Imh0dHBzOi8vdWdydjZlbWx0dy5zaGFyZWR3aXRoZXhwb3NlLmNvbSI7fXM6NjoiX2ZsYXNoIjthOjI6e3M6Mzoib2xkIjthOjA6e31zOjM6Im5ldyI7YTowOnt9fX0=', 1745545918),
('km0DvldaBk1v2m6IcADA8c4DxVgygzicHgEeM4rA', NULL, '127.0.0.1', 'Mozilla/5.0 (Windows NT 10.0; Win64; x64) AppleWebKit/537.36 (KHTML, like Gecko) Chrome/135.0.0.0 Safari/537.36', 'YToyOntzOjY6Il90b2tlbiI7czo0MDoiSWFzQk1TVUJvSkdoQkQ3VUhQenJPZXN0bGNJR3JGUkJUSjVEUlZzcCI7czo2OiJfZmxhc2giO2E6Mjp7czozOiJvbGQiO2E6MDp7fXM6MzoibmV3IjthOjA6e319fQ==', 1745544881),
('LaiAW9zKVpDBSzmcf8ASAYnQDOk0DZ22BySOp0fF', NULL, '127.0.0.1', 'Mozilla/5.0 (Windows NT 10.0; Win64; x64) AppleWebKit/537.36 (KHTML, like Gecko) Chrome/135.0.0.0 Safari/537.36', 'YToyOntzOjY6Il90b2tlbiI7czo0MDoib0ZNaEhLU2VtTnZRQUdZVTJHMmVjUkdTRWx0c3p5dFJlTUtDWVp1biI7czo2OiJfZmxhc2giO2E6Mjp7czozOiJvbGQiO2E6MDp7fXM6MzoibmV3IjthOjA6e319fQ==', 1745544847),
('N8yb5gc4Kwzjvn1VWWA94eqS0oyI7CIm5Yx33utk', NULL, '127.0.0.1', 'Mozilla/5.0 (Windows NT 10.0; Win64; x64) AppleWebKit/537.36 (KHTML, like Gecko) Herd/1.19.1 Chrome/120.0.6099.291 Electron/28.2.5 Safari/537.36', 'YTozOntzOjY6Il90b2tlbiI7czo0MDoiMmhya29maTVjb1V0dHJ5NndTb1Jzc3ZnR2pQN2J5Rmw4VDQ4Q2cwRiI7czo5OiJfcHJldmlvdXMiO2E6MTp7czozOiJ1cmwiO3M6NDY6Imh0dHBzOi8vZGVucl9xdWV1aW5nX3N5c3RlbS50ZXN0Lz9oZXJkPXByZXZpZXciO31zOjY6Il9mbGFzaCI7YToyOntzOjM6Im9sZCI7YTowOnt9czozOiJuZXciO2E6MDp7fX19', 1745544831),
('psT9al4qcfExpgZJaWSlVxEqEGKoisDplPhINVN9', NULL, '127.0.0.1', 'Mozilla/5.0 (Windows NT 10.0; Win64; x64) AppleWebKit/537.36 (KHTML, like Gecko) Herd/1.19.1 Chrome/120.0.6099.291 Electron/28.2.5 Safari/537.36', 'YTozOntzOjY6Il90b2tlbiI7czo0MDoiZm01MjA5UHpSRExqU1BOOHdWWmczaVJ4VlhhYk5wcWo3Y1E2WWpESiI7czo5OiJfcHJldmlvdXMiO2E6MTp7czozOiJ1cmwiO3M6NDY6Imh0dHBzOi8vZGVucl9xdWV1aW5nX3N5c3RlbS50ZXN0Lz9oZXJkPXByZXZpZXciO31zOjY6Il9mbGFzaCI7YToyOntzOjM6Im9sZCI7YTowOnt9czozOiJuZXciO2E6MDp7fX19', 1745538552),
('q15L8l2isIPLRKLM1KF1qlfKiCWcWrxs4ZQGI5lt', 1, '127.0.0.1', 'Mozilla/5.0 (Windows NT 10.0; Win64; x64) AppleWebKit/537.36 (KHTML, like Gecko) Chrome/135.0.0.0 Safari/537.36', 'YTo1OntzOjY6Il90b2tlbiI7czo0MDoiQmw4N2loOWhJZHV3NVY3WUJyZDZ5VXRoeDF3WUdINmJRVUh2NTdseiI7czo2OiJfZmxhc2giO2E6Mjp7czozOiJvbGQiO2E6MDp7fXM6MzoibmV3IjthOjA6e319czozOiJ1cmwiO2E6MDp7fXM6OToiX3ByZXZpb3VzIjthOjE6e3M6MzoidXJsIjtzOjM4OiJodHRwczovL2RlbnJfcXVldWluZ19zeXN0ZW0udGVzdC9sb2dpbiI7fXM6NTA6ImxvZ2luX3dlYl81OWJhMzZhZGRjMmIyZjk0MDE1ODBmMDE0YzdmNThlYTRlMzA5ODlkIjtpOjE7fQ==', 1745479330),
('RJE3181Buy822ilE3HT19oLAUc6oudIZ8KXFjWvT', NULL, '127.0.0.1', 'Mozilla/5.0 (Windows NT 10.0; Win64; x64) AppleWebKit/537.36 (KHTML, like Gecko) Chrome/135.0.0.0 Safari/537.36', 'YTozOntzOjY6Il90b2tlbiI7czo0MDoiT09naDdLNkhTc1psTzJLMkZvalJrdVFwaTBNbnF4eHpEM0c4bzJKTiI7czo5OiJfcHJldmlvdXMiO2E6MTp7czozOiJ1cmwiO3M6MzI6Imh0dHBzOi8vZGVucl9xdWV1aW5nX3N5c3RlbS50ZXN0Ijt9czo2OiJfZmxhc2giO2E6Mjp7czozOiJvbGQiO2E6MDp7fXM6MzoibmV3IjthOjA6e319fQ==', 1745546657),
('rwdy4fpRQ6J9mjeKlf8UsJxkRPyIHtC3aarEIO5M', 1, '127.0.0.1', 'Mozilla/5.0 (Windows NT 10.0; Win64; x64) AppleWebKit/537.36 (KHTML, like Gecko) Chrome/135.0.0.0 Safari/537.36', 'YTozOntzOjY6Il90b2tlbiI7czo0MDoiRVFSM0ZOTDJpWDlpME5MNlVhV1NOZXJDM3dLeFhDQUlhS1lNRWdqeiI7czo2OiJfZmxhc2giO2E6Mjp7czozOiJvbGQiO2E6MDp7fXM6MzoibmV3IjthOjA6e319czo1MDoibG9naW5fd2ViXzU5YmEzNmFkZGMyYjJmOTQwMTU4MGYwMTRjN2Y1OGVhNGUzMDk4OWQiO2k6MTt9', 1745479985),
('S2ljuOruz1C7a2Bpb3MhgAeSGXYgCxddFY0VPB19', NULL, '127.0.0.1', 'Mozilla/5.0 (Windows NT 10.0; Win64; x64) AppleWebKit/537.36 (KHTML, like Gecko) Herd/1.19.1 Chrome/120.0.6099.291 Electron/28.2.5 Safari/537.36', 'YTozOntzOjY6Il90b2tlbiI7czo0MDoiQVpHUHJ1UUV3cHhkY0FxN0EyaW5ndjFSWVNEVHVLN0p0Mk1GSFg4RSI7czo5OiJfcHJldmlvdXMiO2E6MTp7czozOiJ1cmwiO3M6NDU6Imh0dHA6Ly9kZW5yX3F1ZXVpbmdfc3lzdGVtLnRlc3QvP2hlcmQ9cHJldmlldyI7fXM6NjoiX2ZsYXNoIjthOjI6e3M6Mzoib2xkIjthOjA6e31zOjM6Im5ldyI7YTowOnt9fX0=', 1745544836),
('SNtZjAwsSkS0yFeoWBWsn7aJsO8FINJjoAquauHU', NULL, '127.0.0.1', 'Mozilla/5.0 (Windows NT 10.0; Win64; x64) AppleWebKit/537.36 (KHTML, like Gecko) Chrome/135.0.0.0 Safari/537.36', 'YToyOntzOjY6Il90b2tlbiI7czo0MDoidnNlYnQ2MmJlb2pKak45dFpWNGhIWHpjZzR5dFYzYXJqVnNFUWQwcCI7czo2OiJfZmxhc2giO2E6Mjp7czozOiJvbGQiO2E6MDp7fXM6MzoibmV3IjthOjA6e319fQ==', 1745544842),
('uagRk01QjLCkexBefXVmGLaQfcYkV48tAE8072Qx', NULL, '127.0.0.1', 'Mozilla/5.0 (Windows NT 10.0; Win64; x64) AppleWebKit/537.36 (KHTML, like Gecko) Herd/1.19.1 Chrome/120.0.6099.291 Electron/28.2.5 Safari/537.36', 'YTozOntzOjY6Il90b2tlbiI7czo0MDoiU3Y4dmR1TDl2Rkhqdk9xaVJMMjF1bkVqNXZ5VnNONmRwVmR3MlRsNCI7czo5OiJfcHJldmlvdXMiO2E6MTp7czozOiJ1cmwiO3M6NDY6Imh0dHBzOi8vZGVucl9xdWV1aW5nX3N5c3RlbS50ZXN0Lz9oZXJkPXByZXZpZXciO31zOjY6Il9mbGFzaCI7YToyOntzOjM6Im9sZCI7YTowOnt9czozOiJuZXciO2E6MDp7fX19', 1745544905),
('uEhn023jGKvzQ9ZEIOWPLRZ1OQyoEj538sDq7PFT', NULL, '127.0.0.1', 'Mozilla/5.0 (Windows NT 10.0; Win64; x64) AppleWebKit/537.36 (KHTML, like Gecko) Chrome/135.0.0.0 Safari/537.36', 'YTozOntzOjY6Il90b2tlbiI7czo0MDoiOEozRElRYVNXSDBJcXV1VnlZcWYzY2JFYU1EVUtnaUlQT0ZBN05jUiI7czo5OiJfcHJldmlvdXMiO2E6MTp7czozOiJ1cmwiO3M6Mzk6Imh0dHBzOi8vejByYW1sbHc2aS5zaGFyZWR3aXRoZXhwb3NlLmNvbSI7fXM6NjoiX2ZsYXNoIjthOjI6e3M6Mzoib2xkIjthOjA6e31zOjM6Im5ldyI7YTowOnt9fX0=', 1745545784),
('WtGc8TG7ICizkwnwLpCtuoGznsA6A0Fi7sPyRIYf', NULL, '127.0.0.1', 'Mozilla/5.0 (Windows NT 10.0; Win64; x64) AppleWebKit/537.36 (KHTML, like Gecko) Chrome/135.0.0.0 Safari/537.36', 'YTozOntzOjY6Il90b2tlbiI7czo0MDoiZ1R0RzJSNjBqQ2NYaGtBQ3p2U1hmUTk4WTV5VEZPSlJPejlzd0lidiI7czo5OiJfcHJldmlvdXMiO2E6MTp7czozOiJ1cmwiO3M6Mzk6Imh0dHBzOi8vejByYW1sbHc2aS5zaGFyZWR3aXRoZXhwb3NlLmNvbSI7fXM6NjoiX2ZsYXNoIjthOjI6e3M6Mzoib2xkIjthOjA6e31zOjM6Im5ldyI7YTowOnt9fX0=', 1745545863),
('zqxgWl420tYNFnaeqTt4bfMX9LiC63xQAOYLuKpo', NULL, '127.0.0.1', 'Mozilla/5.0 (Windows NT 10.0; Win64; x64) AppleWebKit/537.36 (KHTML, like Gecko) Chrome/135.0.0.0 Safari/537.36', 'YTozOntzOjY6Il90b2tlbiI7czo0MDoiRkdWeXZBWXRieDFteEVBRFJabW5qWU8zQTN4cFF2bU9VbXRxS0hGcSI7czo5OiJfcHJldmlvdXMiO2E6MTp7czozOiJ1cmwiO3M6MzE6Imh0dHA6Ly9kZW5yX3F1ZXVpbmdfc3lzdGVtLnRlc3QiO31zOjY6Il9mbGFzaCI7YToyOntzOjM6Im9sZCI7YTowOnt9czozOiJuZXciO2E6MDp7fX19', 1745544841);

-- --------------------------------------------------------

--
-- Table structure for table `users`
--

CREATE TABLE `users` (
  `id` bigint UNSIGNED NOT NULL,
  `service_counter_id` int DEFAULT NULL,
  `name` varchar(255) COLLATE utf8mb4_unicode_ci NOT NULL,
  `email` varchar(255) COLLATE utf8mb4_unicode_ci NOT NULL,
  `email_verified_at` timestamp NULL DEFAULT NULL,
  `password` varchar(255) COLLATE utf8mb4_unicode_ci NOT NULL,
  `remember_token` varchar(100) COLLATE utf8mb4_unicode_ci DEFAULT NULL,
  `created_at` timestamp NULL DEFAULT NULL,
  `updated_at` timestamp NULL DEFAULT NULL
) ENGINE=InnoDB DEFAULT CHARSET=utf8mb4 COLLATE=utf8mb4_unicode_ci;

--
-- Dumping data for table `users`
--

INSERT INTO `users` (`id`, `service_counter_id`, `name`, `email`, `email_verified_at`, `password`, `remember_token`, `created_at`, `updated_at`) VALUES
(1, 1, 'Mark Kim Sacluti', 'kimsacluti10101996@gmail.com', NULL, '$2y$12$UCVFJvDTGWHj.kQOJHtfXOD1xlasp7WnPSXvfMduLC4K0PM7d7awC', NULL, '2025-04-10 20:54:42', '2025-04-10 20:54:42'),
(2, 2, 'Venus De Guzman', 'vhirielle@gmail.com', NULL, '$2y$12$UCVFJvDTGWHj.kQOJHtfXOD1xlasp7WnPSXvfMduLC4K0PM7d7awC', NULL, '2025-04-10 20:54:42', '2025-04-10 20:54:42'),
(3, 3, 'Kath', 'kath@gmail.com', NULL, '$2y$12$UCVFJvDTGWHj.kQOJHtfXOD1xlasp7WnPSXvfMduLC4K0PM7d7awC', NULL, '2025-04-10 20:54:42', '2025-04-10 20:54:42'),
(4, 4, 'Ej', 'Emmanuel@gmail.com', NULL, '$2y$12$UCVFJvDTGWHj.kQOJHtfXOD1xlasp7WnPSXvfMduLC4K0PM7d7awC', NULL, '2025-04-10 20:54:42', '2025-04-10 20:54:42');

-- --------------------------------------------------------

--
-- Stand-in structure for view `vw_counter_queue`
-- (See below for the actual view)
--
CREATE TABLE `vw_counter_queue` (
`queue_id` int
,`queue_number` varchar(20)
,`priority_level` varchar(50)
,`full_name` varchar(100)
,`client_id` int
,`service_name` varchar(100)
,`counter_name` varchar(50)
,`status` enum('waiting','serving','completed','skipped','recall')
,`queued_at` timestamp
,`service_counter_id` int
);

--
-- Indexes for dumped tables
--

--
-- Indexes for table `cache`
--
ALTER TABLE `cache`
  ADD PRIMARY KEY (`key`);

--
-- Indexes for table `cache_locks`
--
ALTER TABLE `cache_locks`
  ADD PRIMARY KEY (`key`);

--
-- Indexes for table `clients`
--
ALTER TABLE `clients`
  ADD PRIMARY KEY (`id`);

--
-- Indexes for table `failed_jobs`
--
ALTER TABLE `failed_jobs`
  ADD PRIMARY KEY (`id`),
  ADD UNIQUE KEY `failed_jobs_uuid_unique` (`uuid`);

--
-- Indexes for table `jobs`
--
ALTER TABLE `jobs`
  ADD PRIMARY KEY (`id`),
  ADD KEY `jobs_queue_index` (`queue`);

--
-- Indexes for table `job_batches`
--
ALTER TABLE `job_batches`
  ADD PRIMARY KEY (`id`);

--
-- Indexes for table `migrations`
--
ALTER TABLE `migrations`
  ADD PRIMARY KEY (`id`);

--
-- Indexes for table `password_reset_tokens`
--
ALTER TABLE `password_reset_tokens`
  ADD PRIMARY KEY (`email`);

--
-- Indexes for table `personal_access_tokens`
--
ALTER TABLE `personal_access_tokens`
  ADD PRIMARY KEY (`id`),
  ADD UNIQUE KEY `personal_access_tokens_token_unique` (`token`),
  ADD KEY `personal_access_tokens_tokenable_type_tokenable_id_index` (`tokenable_type`,`tokenable_id`);

--
-- Indexes for table `priority_levels`
--
ALTER TABLE `priority_levels`
  ADD PRIMARY KEY (`id`),
  ADD UNIQUE KEY `level_name` (`level_name`);

--
-- Indexes for table `queues`
--
ALTER TABLE `queues`
  ADD PRIMARY KEY (`id`),
  ADD KEY `client_id` (`client_id`),
  ADD KEY `service_id` (`service_id`),
  ADD KEY `counter_id` (`counter_id`),
  ADD KEY `priority_level_id` (`priority_level_id`);

--
-- Indexes for table `queue_logs`
--
ALTER TABLE `queue_logs`
  ADD PRIMARY KEY (`id`),
  ADD KEY `queue_id` (`queue_id`);

--
-- Indexes for table `services`
--
ALTER TABLE `services`
  ADD PRIMARY KEY (`id`);

--
-- Indexes for table `service_counters`
--
ALTER TABLE `service_counters`
  ADD PRIMARY KEY (`id`),
  ADD KEY `assigned_service_id` (`assigned_service_id`);

--
-- Indexes for table `sessions`
--
ALTER TABLE `sessions`
  ADD PRIMARY KEY (`id`),
  ADD KEY `sessions_user_id_index` (`user_id`),
  ADD KEY `sessions_last_activity_index` (`last_activity`);

--
-- Indexes for table `users`
--
ALTER TABLE `users`
  ADD PRIMARY KEY (`id`),
  ADD UNIQUE KEY `users_email_unique` (`email`),
  ADD UNIQUE KEY `service_counter_id` (`service_counter_id`);

--
-- AUTO_INCREMENT for dumped tables
--

--
-- AUTO_INCREMENT for table `clients`
--
ALTER TABLE `clients`
  MODIFY `id` int NOT NULL AUTO_INCREMENT, AUTO_INCREMENT=52;

--
-- AUTO_INCREMENT for table `failed_jobs`
--
ALTER TABLE `failed_jobs`
  MODIFY `id` bigint UNSIGNED NOT NULL AUTO_INCREMENT;

--
-- AUTO_INCREMENT for table `jobs`
--
ALTER TABLE `jobs`
  MODIFY `id` bigint UNSIGNED NOT NULL AUTO_INCREMENT;

--
-- AUTO_INCREMENT for table `migrations`
--
ALTER TABLE `migrations`
  MODIFY `id` int UNSIGNED NOT NULL AUTO_INCREMENT, AUTO_INCREMENT=5;

--
-- AUTO_INCREMENT for table `personal_access_tokens`
--
ALTER TABLE `personal_access_tokens`
  MODIFY `id` bigint UNSIGNED NOT NULL AUTO_INCREMENT;

--
-- AUTO_INCREMENT for table `priority_levels`
--
ALTER TABLE `priority_levels`
  MODIFY `id` int NOT NULL AUTO_INCREMENT, AUTO_INCREMENT=5;

--
-- AUTO_INCREMENT for table `queues`
--
ALTER TABLE `queues`
  MODIFY `id` int NOT NULL AUTO_INCREMENT, AUTO_INCREMENT=60;

--
-- AUTO_INCREMENT for table `queue_logs`
--
ALTER TABLE `queue_logs`
  MODIFY `id` int NOT NULL AUTO_INCREMENT, AUTO_INCREMENT=184;

--
-- AUTO_INCREMENT for table `services`
--
ALTER TABLE `services`
  MODIFY `id` int NOT NULL AUTO_INCREMENT, AUTO_INCREMENT=9;

--
-- AUTO_INCREMENT for table `service_counters`
--
ALTER TABLE `service_counters`
  MODIFY `id` int NOT NULL AUTO_INCREMENT, AUTO_INCREMENT=9;

--
-- AUTO_INCREMENT for table `users`
--
ALTER TABLE `users`
  MODIFY `id` bigint UNSIGNED NOT NULL AUTO_INCREMENT, AUTO_INCREMENT=7;

-- --------------------------------------------------------

--
-- Structure for view `vw_counter_queue`
--
DROP TABLE IF EXISTS `vw_counter_queue`;

CREATE ALGORITHM=UNDEFINED DEFINER=`root`@`localhost` SQL SECURITY DEFINER VIEW `vw_counter_queue`  AS SELECT `queues`.`id` AS `queue_id`, `queues`.`queue_number` AS `queue_number`, `p`.`level_name` AS `priority_level`, `c`.`full_name` AS `full_name`, `c`.`id` AS `client_id`, `s`.`name` AS `service_name`, `sc`.`counter_name` AS `counter_name`, `queues`.`status` AS `status`, `queues`.`queued_at` AS `queued_at`, `u`.`service_counter_id` AS `service_counter_id` FROM (((((`queues` join `clients` `c` on((`queues`.`client_id` = `c`.`id`))) join `services` `s` on((`queues`.`service_id` = `s`.`id`))) join `service_counters` `sc` on((`queues`.`counter_id` = `sc`.`id`))) join `priority_levels` `p` on((`queues`.`priority_level_id` = `p`.`id`))) join `users` `u` on((`queues`.`counter_id` = `u`.`service_counter_id`))) ;

--
-- Constraints for dumped tables
--

--
-- Constraints for table `queues`
--
ALTER TABLE `queues`
  ADD CONSTRAINT `queues_ibfk_1` FOREIGN KEY (`client_id`) REFERENCES `clients` (`id`),
  ADD CONSTRAINT `queues_ibfk_2` FOREIGN KEY (`service_id`) REFERENCES `services` (`id`),
  ADD CONSTRAINT `queues_ibfk_3` FOREIGN KEY (`counter_id`) REFERENCES `service_counters` (`id`),
  ADD CONSTRAINT `queues_ibfk_4` FOREIGN KEY (`priority_level_id`) REFERENCES `priority_levels` (`id`);

--
-- Constraints for table `queue_logs`
--
ALTER TABLE `queue_logs`
  ADD CONSTRAINT `queue_logs_ibfk_1` FOREIGN KEY (`queue_id`) REFERENCES `queues` (`id`);

--
-- Constraints for table `service_counters`
--
ALTER TABLE `service_counters`
  ADD CONSTRAINT `service_counters_ibfk_1` FOREIGN KEY (`assigned_service_id`) REFERENCES `services` (`id`);

--
-- Constraints for table `users`
--
ALTER TABLE `users`
  ADD CONSTRAINT `fk_users_service_counter` FOREIGN KEY (`service_counter_id`) REFERENCES `service_counters` (`id`) ON DELETE SET NULL ON UPDATE CASCADE;
COMMIT;

/*!40101 SET CHARACTER_SET_CLIENT=@OLD_CHARACTER_SET_CLIENT */;
/*!40101 SET CHARACTER_SET_RESULTS=@OLD_CHARACTER_SET_RESULTS */;
/*!40101 SET COLLATION_CONNECTION=@OLD_COLLATION_CONNECTION */;
